Time,Riders
3/21/21 0:00,150
3/21/21 0:01,149
3/21/21 0:02,146
3/21/21 0:03,144
3/21/21 0:04,139
3/21/21 0:05,134
3/21/21 0:06,130
3/21/21 0:07,134
3/21/21 0:08,131
3/21/21 0:09,129
3/21/21 0:10,129
3/21/21 0:11,126
3/21/21 0:12,116
3/21/21 0:13,116
3/21/21 0:14,117
3/21/21 0:15,116
3/21/21 0:16,116
3/21/21 0:17,121
3/21/21 0:18,121
3/21/21 0:19,117
3/21/21 0:20,107
3/21/21 0:21,103
3/21/21 0:22,104
3/21/21 0:23,102
3/21/21 0:24,108
3/21/21 0:25,110
3/21/21 0:26,109
3/21/21 0:27,106
3/21/21 0:28,109
3/21/21 0:29,110
3/21/21 0:30,112
3/21/21 0:31,108
3/21/21 0:32,108
3/21/21 0:33,111
3/21/21 0:34,115
3/21/21 0:35,118
3/21/21 0:36,120
3/21/21 0:37,125
3/21/21 0:38,123
3/21/21 0:39,128
3/21/21 0:40,128
3/21/21 0:41,126
3/21/21 0:42,132
3/21/21 0:43,129
3/21/21 0:44,124
3/21/21 0:45,121
3/21/21 0:46,121
3/21/21 0:47,117
3/21/21 0:48,120
3/21/21 0:49,116
3/21/21 0:50,116
3/21/21 0:51,123
3/21/21 0:52,119
3/21/21 0:53,120
3/21/21 0:54,118
3/21/21 0:55,110
3/21/21 0:56,114
3/21/21 0:57,108
3/21/21 0:58,110
3/21/21 0:59,113
3/21/21 1:00,113
3/21/21 1:01,102
3/21/21 1:02,98
3/21/21 1:03,100
3/21/21 1:04,97
3/21/21 1:05,94
3/21/21 1:06,94
3/21/21 1:07,95
3/21/21 1:08,93
3/21/21 1:09,96
3/21/21 1:10,95
3/21/21 1:11,99
3/21/21 1:12,100
3/21/21 1:13,95
3/21/21 1:14,94
3/21/21 1:15,93
3/21/21 1:16,95
3/21/21 1:17,101
3/21/21 1:18,101
3/21/21 1:19,108
3/21/21 1:20,107
3/21/21 1:21,108
3/21/21 1:22,112
3/21/21 1:23,106
3/21/21 1:24,105
3/21/21 1:25,101
3/21/21 1:26,98
3/21/21 1:27,95
3/21/21 1:28,94
3/21/21 1:29,96
3/21/21 1:30,98
3/21/21 1:31,100
3/21/21 1:32,96
3/21/21 1:33,95
3/21/21 1:34,95
3/21/21 1:35,96
3/21/21 1:36,94
3/21/21 1:37,92
3/21/21 1:38,88
3/21/21 1:39,86
3/21/21 1:40,90
3/21/21 1:41,90
3/21/21 1:42,93
3/21/21 1:43,89
3/21/21 1:44,88
3/21/21 1:45,91
3/21/21 1:46,90
3/21/21 1:47,84
3/21/21 1:48,84
3/21/21 1:49,84
3/21/21 1:50,81
3/21/21 1:51,81
3/21/21 1:52,80
3/21/21 1:53,82
3/21/21 1:54,82
3/21/21 1:55,83
3/21/21 1:56,83
3/21/21 1:57,83
3/21/21 1:58,83
3/21/21 1:59,84
3/21/21 2:00,82
3/21/21 2:01,79
3/21/21 2:02,77
3/21/21 2:03,76
3/21/21 2:04,76
3/21/21 2:05,76
3/21/21 2:06,74
3/21/21 2:07,77
3/21/21 2:08,78
3/21/21 2:09,77
3/21/21 2:10,77
3/21/21 2:11,75
3/21/21 2:12,77
3/21/21 2:13,74
3/21/21 2:14,72
3/21/21 2:15,70
3/21/21 2:16,72
3/21/21 2:17,74
3/21/21 2:18,77
3/21/21 2:19,79
3/21/21 2:20,77
3/21/21 2:21,79
3/21/21 2:22,78
3/21/21 2:23,79
3/21/21 2:24,74
3/21/21 2:25,75
3/21/21 2:26,70
3/21/21 2:27,70
3/21/21 2:28,70
3/21/21 2:29,69
3/21/21 2:30,67
3/21/21 2:31,70
3/21/21 2:32,66
3/21/21 2:33,67
3/21/21 2:34,67
3/21/21 2:35,70
3/21/21 2:36,68
3/21/21 2:37,69
3/21/21 2:38,72
3/21/21 2:39,74
3/21/21 2:40,73
3/21/21 2:41,74
3/21/21 2:42,71
3/21/21 2:43,70
3/21/21 2:44,72
3/21/21 2:45,75
3/21/21 2:46,75
3/21/21 2:47,70
3/21/21 2:48,70
3/21/21 2:49,69
3/21/21 2:50,67
3/21/21 2:51,67
3/21/21 2:52,64
3/21/21 2:53,67
3/21/21 2:54,66
3/21/21 2:55,71
3/21/21 2:56,74
3/21/21 2:57,81
3/21/21 2:58,84
3/21/21 2:59,88
3/21/21 3:00,90
3/21/21 3:01,88
3/21/21 3:02,97
3/21/21 3:03,95
3/21/21 3:04,95
3/21/21 3:05,93
3/21/21 3:06,91
3/21/21 3:07,86
3/21/21 3:08,85
3/21/21 3:09,89
3/21/21 3:10,86
3/21/21 3:11,90
3/21/21 3:12,92
3/21/21 3:13,93
3/21/21 3:14,91
3/21/21 3:15,87
3/21/21 3:16,89
3/21/21 3:17,90
3/21/21 3:18,88
3/21/21 3:19,86
3/21/21 3:20,85
3/21/21 3:21,89
3/21/21 3:22,86
3/21/21 3:23,84
3/21/21 3:24,78
3/21/21 3:25,79
3/21/21 3:26,79
3/21/21 3:27,77
3/21/21 3:28,78
3/21/21 3:29,79
3/21/21 3:30,82
3/21/21 3:31,81
3/21/21 3:32,73
3/21/21 3:33,71
3/21/21 3:34,69
3/21/21 3:35,70
3/21/21 3:36,68
3/21/21 3:37,67
3/21/21 3:38,69
3/21/21 3:39,71
3/21/21 3:40,75
3/21/21 3:41,77
3/21/21 3:42,76
3/21/21 3:43,78
3/21/21 3:44,82
3/21/21 3:45,87
3/21/21 3:46,83
3/21/21 3:47,87
3/21/21 3:48,87
3/21/21 3:49,87
3/21/21 3:50,88
3/21/21 3:51,91
3/21/21 3:52,94
3/21/21 3:53,93
3/21/21 3:54,98
3/21/21 3:55,100
3/21/21 3:56,105
3/21/21 3:57,106
3/21/21 3:58,108
3/21/21 3:59,110
3/21/21 4:00,111
3/21/21 4:01,106
3/21/21 4:02,99
3/21/21 4:03,102
3/21/21 4:04,102
3/21/21 4:05,103
3/21/21 4:06,108
3/21/21 4:07,113
3/21/21 4:08,112
3/21/21 4:09,112
3/21/21 4:10,110
3/21/21 4:11,114
3/21/21 4:12,123
3/21/21 4:13,123
3/21/21 4:14,119
3/21/21 4:15,118
3/21/21 4:16,111
3/21/21 4:17,109
3/21/21 4:18,109
3/21/21 4:19,108
3/21/21 4:20,105
3/21/21 4:21,106
3/21/21 4:22,108
3/21/21 4:23,110
3/21/21 4:24,111
3/21/21 4:25,109
3/21/21 4:26,110
3/21/21 4:27,116
3/21/21 4:28,118
3/21/21 4:29,108
3/21/21 4:30,105
3/21/21 4:31,101
3/21/21 4:32,103
3/21/21 4:33,105
3/21/21 4:34,106
3/21/21 4:35,104
3/21/21 4:36,100
3/21/21 4:37,104
3/21/21 4:38,101
3/21/21 4:39,100
3/21/21 4:40,102
3/21/21 4:41,99
3/21/21 4:42,105
3/21/21 4:43,106
3/21/21 4:44,104
3/21/21 4:45,104
3/21/21 4:46,104
3/21/21 4:47,106
3/21/21 4:48,107
3/21/21 4:49,108
3/21/21 4:50,107
3/21/21 4:51,111
3/21/21 4:52,107
3/21/21 4:53,108
3/21/21 4:54,108
3/21/21 4:55,106
3/21/21 4:56,105
3/21/21 4:57,101
3/21/21 4:58,96
3/21/21 4:59,96
3/21/21 5:00,90
3/21/21 5:01,87
3/21/21 5:02,87
3/21/21 5:03,83
3/21/21 5:04,81
3/21/21 5:05,80
3/21/21 5:06,81
3/21/21 5:07,84
3/21/21 5:08,86
3/21/21 5:09,84
3/21/21 5:10,87
3/21/21 5:11,90
3/21/21 5:12,92
3/21/21 5:13,94
3/21/21 5:14,93
3/21/21 5:15,97
3/21/21 5:16,98
3/21/21 5:17,104
3/21/21 5:18,106
3/21/21 5:19,107
3/21/21 5:20,107
3/21/21 5:21,106
3/21/21 5:22,103
3/21/21 5:23,103
3/21/21 5:24,103
3/21/21 5:25,107
3/21/21 5:26,111
3/21/21 5:27,112
3/21/21 5:28,113
3/21/21 5:29,115
3/21/21 5:30,112
3/21/21 5:31,112
3/21/21 5:32,109
3/21/21 5:33,112
3/21/21 5:34,114
3/21/21 5:35,112
3/21/21 5:36,111
3/21/21 5:37,113
3/21/21 5:38,113
3/21/21 5:39,109
3/21/21 5:40,104
3/21/21 5:41,104
3/21/21 5:42,104
3/21/21 5:43,104
3/21/21 5:44,106
3/21/21 5:45,103
3/21/21 5:46,109
3/21/21 5:47,106
3/21/21 5:48,106
3/21/21 5:49,103
3/21/21 5:50,103
3/21/21 5:51,107
3/21/21 5:52,107
3/21/21 5:53,108
3/21/21 5:54,109
3/21/21 5:55,111
3/21/21 5:56,112
3/21/21 5:57,112
3/21/21 5:58,113
3/21/21 5:59,111
3/21/21 6:00,108
3/21/21 6:01,102
3/21/21 6:02,102
3/21/21 6:03,101
3/21/21 6:04,99
3/21/21 6:05,99
3/21/21 6:06,96
3/21/21 6:07,96
3/21/21 6:08,99
3/21/21 6:09,102
3/21/21 6:10,96
3/21/21 6:11,94
3/21/21 6:12,95
3/21/21 6:13,89
3/21/21 6:14,89
3/21/21 6:15,90
3/21/21 6:16,91
3/21/21 6:17,90
3/21/21 6:18,89
3/21/21 6:19,90
3/21/21 6:20,90
3/21/21 6:21,91
3/21/21 6:22,91
3/21/21 6:23,88
3/21/21 6:24,87
3/21/21 6:25,80
3/21/21 6:26,78
3/21/21 6:27,78
3/21/21 6:28,76
3/21/21 6:29,75
3/21/21 6:30,73
3/21/21 6:31,73
3/21/21 6:32,75
3/21/21 6:33,75
3/21/21 6:34,76
3/21/21 6:35,74
3/21/21 6:36,72
3/21/21 6:37,69
3/21/21 6:38,69
3/21/21 6:39,68
3/21/21 6:40,69
3/21/21 6:41,65
3/21/21 6:42,65
3/21/21 6:43,65
3/21/21 6:44,66
3/21/21 6:45,70
3/21/21 6:46,70
3/21/21 6:47,66
3/21/21 6:48,68
3/21/21 6:49,69
3/21/21 6:50,70
3/21/21 6:51,67
3/21/21 6:52,67
3/21/21 6:53,67
3/21/21 6:54,67
3/21/21 6:55,67
3/21/21 6:56,69
3/21/21 6:57,69
3/21/21 6:58,69
3/21/21 6:59,69
3/21/21 7:00,66
3/21/21 7:01,65
3/21/21 7:02,60
3/21/21 7:03,60
3/21/21 7:04,59
3/21/21 7:05,59
3/21/21 7:06,58
3/21/21 7:07,58
3/21/21 7:08,59
3/21/21 7:09,59
3/21/21 7:10,58
3/21/21 7:11,59
3/21/21 7:12,60
3/21/21 7:13,60
3/21/21 7:14,59
3/21/21 7:15,59
3/21/21 7:16,57
3/21/21 7:17,58
3/21/21 7:18,58
3/21/21 7:19,58
3/21/21 7:20,58
3/21/21 7:21,58
3/21/21 7:22,57
3/21/21 7:23,57
3/21/21 7:24,58
3/21/21 7:25,58
3/21/21 7:26,58
3/21/21 7:27,57
3/21/21 7:28,61
3/21/21 7:29,59
3/21/21 7:30,57
3/21/21 7:31,57
3/21/21 7:32,58
3/21/21 7:33,57
3/21/21 7:34,57
3/21/21 7:35,56
3/21/21 7:36,56
3/21/21 7:37,57
3/21/21 7:38,54
3/21/21 7:39,55
3/21/21 7:40,55
3/21/21 7:41,54
3/21/21 7:42,53
3/21/21 7:43,53
3/21/21 7:44,51
3/21/21 7:45,51
3/21/21 7:46,51
3/21/21 7:47,51
3/21/21 7:48,51
3/21/21 7:49,51
3/21/21 7:50,50
3/21/21 7:51,50
3/21/21 7:52,48
3/21/21 7:53,48
3/21/21 7:54,49
3/21/21 7:55,48
3/21/21 7:56,48
3/21/21 7:57,48
3/21/21 7:58,48
3/21/21 7:59,48
3/21/21 8:00,47
3/21/21 8:01,48
3/21/21 8:02,48
3/21/21 8:03,48
3/21/21 8:04,48
3/21/21 8:05,48
3/21/21 8:06,48
3/21/21 8:07,51
3/21/21 8:08,53
3/21/21 8:09,53
3/21/21 8:10,51
3/21/21 8:11,51
3/21/21 8:12,51
3/21/21 8:13,52
3/21/21 8:14,52
3/21/21 8:15,53
3/21/21 8:16,53
3/21/21 8:17,53
3/21/21 8:18,53
3/21/21 8:19,51
3/21/21 8:20,51
3/21/21 8:21,51
3/21/21 8:22,51
3/21/21 8:23,51
3/21/21 8:24,51
3/21/21 8:25,52
3/21/21 8:26,52
3/21/21 8:27,52
3/21/21 8:28,53
3/21/21 8:29,53
3/21/21 8:30,53
3/21/21 8:31,54
3/21/21 8:32,54
3/21/21 8:33,54
3/21/21 8:34,52
3/21/21 8:35,51
3/21/21 8:36,50
3/21/21 8:37,50
3/21/21 8:38,50
3/21/21 8:39,49
3/21/21 8:40,49
3/21/21 8:41,49
3/21/21 8:42,49
3/21/21 8:43,49
3/21/21 8:44,50
3/21/21 8:45,50
3/21/21 8:46,50
3/21/21 8:47,50
3/21/21 8:48,50
3/21/21 8:49,49
3/21/21 8:50,49
3/21/21 8:51,49
3/21/21 8:52,49
3/21/21 8:53,50
3/21/21 8:54,49
3/21/21 8:55,49
3/21/21 8:56,49
3/21/21 8:57,49
3/21/21 8:58,49
3/21/21 8:59,48
3/21/21 9:00,48
3/21/21 9:01,48
3/21/21 9:02,48
3/21/21 9:03,47
3/21/21 9:04,47
3/21/21 9:05,48
3/21/21 9:06,48
3/21/21 9:07,48
3/21/21 9:08,48
3/21/21 9:09,48
3/21/21 9:10,48
3/21/21 9:11,48
3/21/21 9:12,49
3/21/21 9:13,50
3/21/21 9:14,50
3/21/21 9:15,50
3/21/21 9:16,50
3/21/21 9:17,50
3/21/21 9:18,50
3/21/21 9:19,49
3/21/21 9:20,48
3/21/21 9:21,48
3/21/21 9:22,48
3/21/21 9:23,48
3/21/21 9:24,48
3/21/21 9:25,48
3/21/21 9:26,47
3/21/21 9:27,47
3/21/21 9:28,47
3/21/21 9:29,48
3/21/21 9:30,48
3/21/21 9:31,48
3/21/21 9:32,48
3/21/21 9:33,50
3/21/21 9:34,50
3/21/21 9:35,49
3/21/21 9:36,48
3/21/21 9:37,47
3/21/21 9:38,47
3/21/21 9:39,47
3/21/21 9:40,47
3/21/21 9:41,48
3/21/21 9:42,49
3/21/21 9:43,50
3/21/21 9:44,50
3/21/21 9:45,51
3/21/21 9:46,51
3/21/21 9:47,50
3/21/21 9:48,50
3/21/21 9:49,49
3/21/21 9:50,48
3/21/21 9:51,48
3/21/21 9:52,48
3/21/21 9:53,47
3/21/21 9:54,48
3/21/21 9:55,49
3/21/21 9:56,49
3/21/21 9:57,49
3/21/21 9:58,49
3/21/21 9:59,49
3/21/21 10:00,49
3/21/21 10:01,48
3/21/21 10:02,48
3/21/21 10:03,48
3/21/21 10:04,48
3/21/21 10:05,48
3/21/21 10:06,48
3/21/21 10:07,48
3/21/21 10:08,48
3/21/21 10:09,48
3/21/21 10:10,48
3/21/21 10:11,48
3/21/21 10:12,49
3/21/21 10:13,50
3/21/21 10:14,50
3/21/21 10:15,51
3/21/21 10:16,51
3/21/21 10:17,51
3/21/21 10:18,48
3/21/21 10:19,48
3/21/21 10:20,48
3/21/21 10:21,48
3/21/21 10:22,49
3/21/21 10:23,49
3/21/21 10:24,49
3/21/21 10:25,49
3/21/21 10:26,50
3/21/21 10:27,50
3/21/21 10:28,51
3/21/21 10:29,52
3/21/21 10:30,52
3/21/21 10:31,51
3/21/21 10:32,50
3/21/21 10:33,50
3/21/21 10:34,50
3/21/21 10:35,50
3/21/21 10:36,50
3/21/21 10:37,51
3/21/21 10:38,53
3/21/21 10:39,54
3/21/21 10:40,56
3/21/21 10:41,55
3/21/21 10:42,55
3/21/21 10:43,54
3/21/21 10:44,53
3/21/21 10:45,54
3/21/21 10:46,56
3/21/21 10:47,55
3/21/21 10:48,55
3/21/21 10:49,55
3/21/21 10:50,56
3/21/21 10:51,56
3/21/21 10:52,55
3/21/21 10:53,55
3/21/21 10:54,51
3/21/21 10:55,53
3/21/21 10:56,53
3/21/21 10:57,53
3/21/21 10:58,52
3/21/21 10:59,52
3/21/21 11:00,52
3/21/21 11:01,53
3/21/21 11:02,52
3/21/21 11:03,51
3/21/21 11:04,52
3/21/21 11:05,51
3/21/21 11:06,51
3/21/21 11:07,51
3/21/21 11:08,50
3/21/21 11:09,49
3/21/21 11:10,50
3/21/21 11:11,51
3/21/21 11:12,51
3/21/21 11:13,51
3/21/21 11:14,50
3/21/21 11:15,50
3/21/21 11:16,51
3/21/21 11:17,49
3/21/21 11:18,49
3/21/21 11:19,50
3/21/21 11:20,50
3/21/21 11:21,53
3/21/21 11:22,53
3/21/21 11:23,53
3/21/21 11:24,54
3/21/21 11:25,53
3/21/21 11:26,54
3/21/21 11:27,54
3/21/21 11:28,54
3/21/21 11:29,54
3/21/21 11:30,53
3/21/21 11:31,52
3/21/21 11:32,52
3/21/21 11:33,52
3/21/21 11:34,53
3/21/21 11:35,52
3/21/21 11:36,52
3/21/21 11:37,52
3/21/21 11:38,55
3/21/21 11:39,55
3/21/21 11:40,55
3/21/21 11:41,56
3/21/21 11:42,58
3/21/21 11:43,59
3/21/21 11:44,59
3/21/21 11:45,58
3/21/21 11:46,60
3/21/21 11:47,60
3/21/21 11:48,62
3/21/21 11:49,63
3/21/21 11:50,65
3/21/21 11:51,64
3/21/21 11:52,65
3/21/21 11:53,67
3/21/21 11:54,64
3/21/21 11:55,64
3/21/21 11:56,63
3/21/21 11:57,61
3/21/21 11:58,62
3/21/21 11:59,61
3/21/21 12:00,58
3/21/21 12:01,57
3/21/21 12:02,56
3/21/21 12:03,53
3/21/21 12:04,54
3/21/21 12:05,53
3/21/21 12:06,53
3/21/21 12:07,53
3/21/21 12:08,54
3/21/21 12:09,53
3/21/21 12:10,54
3/21/21 12:11,56
3/21/21 12:12,57
3/21/21 12:13,58
3/21/21 12:14,59
3/21/21 12:15,60
3/21/21 12:16,60
3/21/21 12:17,58
3/21/21 12:18,60
3/21/21 12:19,60
3/21/21 12:20,63
3/21/21 12:21,64
3/21/21 12:22,66
3/21/21 12:23,65
3/21/21 12:24,64
3/21/21 12:25,67
3/21/21 12:26,65
3/21/21 12:27,64
3/21/21 12:28,65
3/21/21 12:29,66
3/21/21 12:30,66
3/21/21 12:31,66
3/21/21 12:32,64
3/21/21 12:33,63
3/21/21 12:34,65
3/21/21 12:35,66
3/21/21 12:36,64
3/21/21 12:37,65
3/21/21 12:38,67
3/21/21 12:39,64
3/21/21 12:40,64
3/21/21 12:41,64
3/21/21 12:42,65
3/21/21 12:43,67
3/21/21 12:44,67
3/21/21 12:45,67
3/21/21 12:46,69
3/21/21 12:47,71
3/21/21 12:48,68
3/21/21 12:49,69
3/21/21 12:50,67
3/21/21 12:51,68
3/21/21 12:52,69
3/21/21 12:53,72
3/21/21 12:54,72
3/21/21 12:55,66
3/21/21 12:56,64
3/21/21 12:57,64
3/21/21 12:58,66
3/21/21 12:59,66
3/21/21 13:00,71
3/21/21 13:01,68
3/21/21 13:02,70
3/21/21 13:03,69
3/21/21 13:04,72
3/21/21 13:05,77
3/21/21 13:06,77
3/21/21 13:07,80
3/21/21 13:08,78
3/21/21 13:09,79
3/21/21 13:10,79
3/21/21 13:11,80
3/21/21 13:12,80
3/21/21 13:13,80
3/21/21 13:14,81
3/21/21 13:15,83
3/21/21 13:16,82
3/21/21 13:17,85
3/21/21 13:18,84
3/21/21 13:19,84
3/21/21 13:20,86
3/21/21 13:21,84
3/21/21 13:22,90
3/21/21 13:23,88
3/21/21 13:24,87
3/21/21 13:25,89
3/21/21 13:26,92
3/21/21 13:27,95
3/21/21 13:28,93
3/21/21 13:29,93
3/21/21 13:30,92
3/21/21 13:31,91
3/21/21 13:32,91
3/21/21 13:33,101
3/21/21 13:34,99
3/21/21 13:35,99
3/21/21 13:36,99
3/21/21 13:37,103
3/21/21 13:38,101
3/21/21 13:39,102
3/21/21 13:40,103
3/21/21 13:41,102
3/21/21 13:42,102
3/21/21 13:43,102
3/21/21 13:44,102
3/21/21 13:45,101
3/21/21 13:46,106
3/21/21 13:47,103
3/21/21 13:48,104
3/21/21 13:49,100
3/21/21 13:50,103
3/21/21 13:51,104
3/21/21 13:52,103
3/21/21 13:53,102
3/21/21 13:54,106
3/21/21 13:55,109
3/21/21 13:56,107
3/21/21 13:57,105
3/21/21 13:58,106
3/21/21 13:59,102
3/21/21 14:00,104
3/21/21 14:01,103
3/21/21 14:02,106
3/21/21 14:03,100
3/21/21 14:04,101
3/21/21 14:05,99
3/21/21 14:06,106
3/21/21 14:07,104
3/21/21 14:08,104
3/21/21 14:09,105
3/21/21 14:10,109
3/21/21 14:11,106
3/21/21 14:12,105
3/21/21 14:13,105
3/21/21 14:14,103
3/21/21 14:15,98
3/21/21 14:16,98
3/21/21 14:17,98
3/21/21 14:18,100
3/21/21 14:19,102
3/21/21 14:20,106
3/21/21 14:21,101
3/21/21 14:22,107
3/21/21 14:23,114
3/21/21 14:24,117
3/21/21 14:25,119
3/21/21 14:26,121
3/21/21 14:27,126
3/21/21 14:28,131
3/21/21 14:29,134
3/21/21 14:30,130
3/21/21 14:31,128
3/21/21 14:32,126
3/21/21 14:33,131
3/21/21 14:34,140
3/21/21 14:35,139
3/21/21 14:36,136
3/21/21 14:37,138
3/21/21 14:38,138
3/21/21 14:39,144
3/21/21 14:40,150
3/21/21 14:41,145
3/21/21 14:42,152
3/21/21 14:43,156
3/21/21 14:44,157
3/21/21 14:45,157
3/21/21 14:46,154
3/21/21 14:47,156
3/21/21 14:48,158
3/21/21 14:49,162
3/21/21 14:50,163
3/21/21 14:51,168
3/21/21 14:52,166
3/21/21 14:53,167
3/21/21 14:54,172
3/21/21 14:55,169
3/21/21 14:56,167
3/21/21 14:57,164
3/21/21 14:58,165
3/21/21 14:59,162
3/21/21 15:00,164
3/21/21 15:01,173
3/21/21 15:02,175
3/21/21 15:03,176
3/21/21 15:04,177
3/21/21 15:05,179
3/21/21 15:06,179
3/21/21 15:07,182
3/21/21 15:08,187
3/21/21 15:09,179
3/21/21 15:10,184
3/21/21 15:11,188
3/21/21 15:12,184
3/21/21 15:13,193
3/21/21 15:14,190
3/21/21 15:15,192
3/21/21 15:16,195
3/21/21 15:17,200
3/21/21 15:18,203
3/21/21 15:19,206
3/21/21 15:20,207
3/21/21 15:21,208
3/21/21 15:22,214
3/21/21 15:23,207
3/21/21 15:24,209
3/21/21 15:25,211
3/21/21 15:26,212
3/21/21 15:27,216
3/21/21 15:28,215
3/21/21 15:29,217
3/21/21 15:30,216
3/21/21 15:31,216
3/21/21 15:32,211
3/21/21 15:33,218
3/21/21 15:34,216
3/21/21 15:35,215
3/21/21 15:36,223
3/21/21 15:37,219
3/21/21 15:38,224
3/21/21 15:39,231
3/21/21 15:40,230
3/21/21 15:41,236
3/21/21 15:42,231
3/21/21 15:43,226
3/21/21 15:44,221
3/21/21 15:45,225
3/21/21 15:46,233
3/21/21 15:47,230
3/21/21 15:48,230
3/21/21 15:49,233
3/21/21 15:50,236
3/21/21 15:51,234
3/21/21 15:52,235
3/21/21 15:53,242
3/21/21 15:54,242
3/21/21 15:55,242
3/21/21 15:56,239
3/21/21 15:57,245
3/21/21 15:58,244
3/21/21 15:59,252
3/21/21 16:00,253
3/21/21 16:01,251
3/21/21 16:02,256
3/21/21 16:03,262
3/21/21 16:04,263
3/21/21 16:05,270
3/21/21 16:06,275
3/21/21 16:07,276
3/21/21 16:08,283
3/21/21 16:09,286
3/21/21 16:10,293
3/21/21 16:11,295
3/21/21 16:12,298
3/21/21 16:13,307
3/21/21 16:14,311
3/21/21 16:15,310
3/21/21 16:16,306
3/21/21 16:17,305
3/21/21 16:18,310
3/21/21 16:19,313
3/21/21 16:20,313
3/21/21 16:21,314
3/21/21 16:22,306
3/21/21 16:23,310
3/21/21 16:24,318
3/21/21 16:25,318
3/21/21 16:26,316
3/21/21 16:27,310
3/21/21 16:28,305
3/21/21 16:29,301
3/21/21 16:30,313
3/21/21 16:31,315
3/21/21 16:32,318
3/21/21 16:33,326
3/21/21 16:34,326
3/21/21 16:35,325
3/21/21 16:36,327
3/21/21 16:37,335
3/21/21 16:38,330
3/21/21 16:39,337
3/21/21 16:40,332
3/21/21 16:41,335
3/21/21 16:42,339
3/21/21 16:43,337
3/21/21 16:44,342
3/21/21 16:45,342
3/21/21 16:46,344
3/21/21 16:47,352
3/21/21 16:48,354
3/21/21 16:49,365
3/21/21 16:50,368
3/21/21 16:51,367
3/21/21 16:52,370
3/21/21 16:53,378
3/21/21 16:54,377
3/21/21 16:55,388
3/21/21 16:56,397
3/21/21 16:57,395
3/21/21 16:58,399
3/21/21 16:59,396
3/21/21 17:00,401
3/21/21 17:01,399
3/21/21 17:02,402
3/21/21 17:03,407
3/21/21 17:04,405
3/21/21 17:05,400
3/21/21 17:06,400
3/21/21 17:07,404
3/21/21 17:08,395
3/21/21 17:09,384
3/21/21 17:10,376
3/21/21 17:11,374
3/21/21 17:12,369
3/21/21 17:13,372
3/21/21 17:14,368
3/21/21 17:15,363
3/21/21 17:16,368
3/21/21 17:17,375
3/21/21 17:18,371
3/21/21 17:19,369
3/21/21 17:20,372
3/21/21 17:21,379
3/21/21 17:22,372
3/21/21 17:23,384
3/21/21 17:24,392
3/21/21 17:25,394
3/21/21 17:26,389
3/21/21 17:27,392
3/21/21 17:28,389
3/21/21 17:29,391
3/21/21 17:30,395
3/21/21 17:31,404
3/21/21 17:32,405
3/21/21 17:33,414
3/21/21 17:34,409
3/21/21 17:35,410
3/21/21 17:36,413
3/21/21 17:37,416
3/21/21 17:38,411
3/21/21 17:39,419
3/21/21 17:40,420
3/21/21 17:41,422
3/21/21 17:42,427
3/21/21 17:43,424
3/21/21 17:44,421
3/21/21 17:45,425
3/21/21 17:46,419
3/21/21 17:47,419
3/21/21 17:48,419
3/21/21 17:49,418
3/21/21 17:50,413
3/21/21 17:51,423
3/21/21 17:52,432
3/21/21 17:53,430
3/21/21 17:54,432
3/21/21 17:55,439
3/21/21 17:56,441
3/21/21 17:57,442
3/21/21 17:58,446
3/21/21 17:59,439
3/21/21 18:00,442
3/21/21 18:01,446
3/21/21 18:02,457
3/21/21 18:03,461
3/21/21 18:04,463
3/21/21 18:05,459
3/21/21 18:06,473
3/21/21 18:07,473
3/21/21 18:08,467
3/21/21 18:09,458
3/21/21 18:10,467
3/21/21 18:11,472
3/21/21 18:12,470
3/21/21 18:13,470
3/21/21 18:14,468
3/21/21 18:15,461
3/21/21 18:16,465
3/21/21 18:17,468
3/21/21 18:18,476
3/21/21 18:19,480
3/21/21 18:20,476
3/21/21 18:21,482
3/21/21 18:22,480
3/21/21 18:23,473
3/21/21 18:24,475
3/21/21 18:25,478
3/21/21 18:26,485
3/21/21 18:27,481
3/21/21 18:28,480
3/21/21 18:29,484
3/21/21 18:30,498
3/21/21 18:31,503
3/21/21 18:32,504
3/21/21 18:33,505
3/21/21 18:34,502
3/21/21 18:35,493
3/21/21 18:36,491
3/21/21 18:37,484
3/21/21 18:38,482
3/21/21 18:39,484
3/21/21 18:40,494
3/21/21 18:41,502
3/21/21 18:42,514
3/21/21 18:43,516
3/21/21 18:44,518
3/21/21 18:45,520
3/21/21 18:46,532
3/21/21 18:47,529
3/21/21 18:48,522
3/21/21 18:49,515
3/21/21 18:50,519
3/21/21 18:51,515
3/21/21 18:52,519
3/21/21 18:53,519
3/21/21 18:54,518
3/21/21 18:55,517
3/21/21 18:56,503
3/21/21 18:57,500
3/21/21 18:58,503
3/21/21 18:59,506
3/21/21 19:00,501
3/21/21 19:01,500
3/21/21 19:02,500
3/21/21 19:03,497
3/21/21 19:04,503
3/21/21 19:05,503
3/21/21 19:06,503
3/21/21 19:07,493
3/21/21 19:08,499
3/21/21 19:09,501
3/21/21 19:10,500
3/21/21 19:11,500
3/21/21 19:12,502
3/21/21 19:13,506
3/21/21 19:14,493
3/21/21 19:15,491
3/21/21 19:16,494
3/21/21 19:17,501
3/21/21 19:18,498
3/21/21 19:19,500
3/21/21 19:20,500
3/21/21 19:21,498
3/21/21 19:22,505
3/21/21 19:23,511
3/21/21 19:24,501
3/21/21 19:25,491
3/21/21 19:26,493
3/21/21 19:27,494
3/21/21 19:28,491
3/21/21 19:29,485
3/21/21 19:30,489
3/21/21 19:31,493
3/21/21 19:32,487
3/21/21 19:33,486
3/21/21 19:34,480
3/21/21 19:35,471
3/21/21 19:36,471
3/21/21 19:37,459
3/21/21 19:38,454
3/21/21 19:39,455
3/21/21 19:40,461
3/21/21 19:41,460
3/21/21 19:42,468
3/21/21 19:43,471
3/21/21 19:44,476
3/21/21 19:45,480
3/21/21 19:46,479
3/21/21 19:47,472
3/21/21 19:48,474
3/21/21 19:49,474
3/21/21 19:50,476
3/21/21 19:51,469
3/21/21 19:52,470
3/21/21 19:53,473
3/21/21 19:54,461
3/21/21 19:55,473
3/21/21 19:56,460
3/21/21 19:57,461
3/21/21 19:58,450
3/21/21 19:59,445
3/21/21 20:00,442
3/21/21 20:01,446
3/21/21 20:02,448
3/21/21 20:03,444
3/21/21 20:04,444
3/21/21 20:05,450
3/21/21 20:06,457
3/21/21 20:07,457
3/21/21 20:08,456
3/21/21 20:09,453
3/21/21 20:10,454
3/21/21 20:11,455
3/21/21 20:12,450
3/21/21 20:13,436
3/21/21 20:14,435
3/21/21 20:15,440
3/21/21 20:16,448
3/21/21 20:17,442
3/21/21 20:18,436
3/21/21 20:19,438
3/21/21 20:20,431
3/21/21 20:21,429
3/21/21 20:22,425
3/21/21 20:23,412
3/21/21 20:24,409
3/21/21 20:25,402
3/21/21 20:26,402
3/21/21 20:27,406
3/21/21 20:28,409
3/21/21 20:29,407
3/21/21 20:30,414
3/21/21 20:31,425
3/21/21 20:32,413
3/21/21 20:33,404
3/21/21 20:34,412
3/21/21 20:35,415
3/21/21 20:36,420
3/21/21 20:37,417
3/21/21 20:38,415
3/21/21 20:39,417
3/21/21 20:40,418
3/21/21 20:41,414
3/21/21 20:42,403
3/21/21 20:43,412
3/21/21 20:44,419
3/21/21 20:45,420
3/21/21 20:46,420
3/21/21 20:47,424
3/21/21 20:48,420
3/21/21 20:49,424
3/21/21 20:50,411
3/21/21 20:51,405
3/21/21 20:52,414
3/21/21 20:53,424
3/21/21 20:54,428
3/21/21 20:55,431
3/21/21 20:56,435
3/21/21 20:57,432
3/21/21 20:58,427
3/21/21 20:59,432
3/21/21 21:00,425
3/21/21 21:01,416
3/21/21 21:02,417
3/21/21 21:03,419
3/21/21 21:04,424
3/21/21 21:05,422
3/21/21 21:06,419
3/21/21 21:07,413
3/21/21 21:08,419
3/21/21 21:09,419
3/21/21 21:10,431
3/21/21 21:11,438
3/21/21 21:12,439
3/21/21 21:13,435
3/21/21 21:14,431
3/21/21 21:15,433
3/21/21 21:16,431
3/21/21 21:17,434
3/21/21 21:18,444
3/21/21 21:19,449
3/21/21 21:20,448
3/21/21 21:21,443
3/21/21 21:22,441
3/21/21 21:23,440
3/21/21 21:24,437
3/21/21 21:25,447
3/21/21 21:26,446
3/21/21 21:27,437
3/21/21 21:28,426
3/21/21 21:29,419
3/21/21 21:30,419
3/21/21 21:31,417
3/21/21 21:32,425
3/21/21 21:33,424
3/21/21 21:34,421
3/21/21 21:35,413
3/21/21 21:36,413
3/21/21 21:37,404
3/21/21 21:38,397
3/21/21 21:39,397
3/21/21 21:40,404
3/21/21 21:41,402
3/21/21 21:42,402
3/21/21 21:43,406
3/21/21 21:44,392
3/21/21 21:45,380
3/21/21 21:46,374
3/21/21 21:47,373
3/21/21 21:48,374
3/21/21 21:49,370
3/21/21 21:50,373
3/21/21 21:51,374
3/21/21 21:52,369
3/21/21 21:53,370
3/21/21 21:54,373
3/21/21 21:55,376
3/21/21 21:56,378
3/21/21 21:57,372
3/21/21 21:58,359
3/21/21 21:59,343
3/21/21 22:00,344
3/21/21 22:01,335
3/21/21 22:02,338
3/21/21 22:03,334
3/21/21 22:04,337
3/21/21 22:05,334
3/21/21 22:06,330
3/21/21 22:07,327
3/21/21 22:08,327
3/21/21 22:09,320
3/21/21 22:10,313
3/21/21 22:11,319
3/21/21 22:12,313
3/21/21 22:13,306
3/21/21 22:14,300
3/21/21 22:15,302
3/21/21 22:16,306
3/21/21 22:17,312
3/21/21 22:18,313
3/21/21 22:19,321
3/21/21 22:20,322
3/21/21 22:21,330
3/21/21 22:22,331
3/21/21 22:23,333
3/21/21 22:24,327
3/21/21 22:25,332
3/21/21 22:26,327
3/21/21 22:27,322
3/21/21 22:28,315
3/21/21 22:29,313
3/21/21 22:30,310
3/21/21 22:31,294
3/21/21 22:32,291
3/21/21 22:33,284
3/21/21 22:34,286
3/21/21 22:35,284
3/21/21 22:36,286
3/21/21 22:37,290
3/21/21 22:38,296
3/21/21 22:39,287
3/21/21 22:40,286
3/21/21 22:41,286
3/21/21 22:42,285
3/21/21 22:43,293
3/21/21 22:44,292
3/21/21 22:45,283
3/21/21 22:46,281
3/21/21 22:47,279
3/21/21 22:48,283
3/21/21 22:49,270
3/21/21 22:50,271
3/21/21 22:51,268
3/21/21 22:52,261
3/21/21 22:53,256
3/21/21 22:54,244
3/21/21 22:55,243
3/21/21 22:56,244
3/21/21 22:57,250
3/21/21 22:58,254
3/21/21 22:59,251
3/21/21 23:00,251
3/21/21 23:01,240
3/21/21 23:02,243
3/21/21 23:03,236
3/21/21 23:04,230
3/21/21 23:05,232
3/21/21 23:06,228
3/21/21 23:07,223
3/21/21 23:08,222
3/21/21 23:09,218
3/21/21 23:10,213
3/21/21 23:11,209
3/21/21 23:12,211
3/21/21 23:13,206
3/21/21 23:14,201
3/21/21 23:15,195
3/21/21 23:16,186
3/21/21 23:17,187
3/21/21 23:18,185
3/21/21 23:19,178
3/21/21 23:20,171
3/21/21 23:21,172
3/21/21 23:22,170
3/21/21 23:23,163
3/21/21 23:24,163
3/21/21 23:25,166
3/21/21 23:26,166
3/21/21 23:27,160
3/21/21 23:28,161
3/21/21 23:29,156
3/21/21 23:30,149
3/21/21 23:31,143
3/21/21 23:32,136
3/21/21 23:33,140
3/21/21 23:34,133
3/21/21 23:35,133
3/21/21 23:36,133
3/21/21 23:37,131
3/21/21 23:38,128
3/21/21 23:39,128
3/21/21 23:40,124
3/21/21 23:41,129
3/21/21 23:42,132
3/21/21 23:43,129
3/21/21 23:44,125
3/21/21 23:45,121
3/21/21 23:46,111
3/21/21 23:47,111
3/21/21 23:48,113
3/21/21 23:49,113
3/21/21 23:50,115
3/21/21 23:51,111
3/21/21 23:52,112
3/21/21 23:53,116
3/21/21 23:54,118
3/21/21 23:55,112
3/21/21 23:56,113
3/21/21 23:57,109
3/21/21 23:58,108
3/21/21 23:59,109
